1391505108956;1000;jp@gc - Dummy Sampler;200;OK;Thread Group 1-1;text;true;114;0
1391505113957;1000;jp@gc - Dummy Sampler;200;OK;Thread Group 1-1;text;true;114;0
1391505118958;1000;jp@gc - Dummy Sampler;200;OK;Thread Group 1-1;text;true;114;0
1391505123958;1000;jp@gc - Dummy Sampler;200;OK;Thread Group 1-1;text;true;114;0
1391505128957;1000;jp@gc - Dummy Sampler;200;OK;Thread Group 1-1;text;true;114;0
1391505133958;1000;jp@gc - Dummy Sampler;200;OK;Thread Group 1-1;text;true;114;0
1391505138958;1001;jp@gc - Dummy Sampler;200;OK;Thread Group 1-1;text;true;114;0
1391505143959;1000;jp@gc - Dummy Sampler;200;OK;Thread Group 1-1;text;true;114;0
1391505148959;1000;jp@gc - Dummy Sampler;200;OK;Thread Group 1-1;text;true;114;0
1391505153959;1000;jp@gc - Dummy Sampler;200;OK;Thread Group 1-1;text;true;114;0
